Application,MinEnergy(W),MeanEnergy(W),StdEnergy(W),MeanTime(s),BestAllocations
App0,1014.4499999999998,1014.45,9.511723266474241e-14,0.0006508183479309082,"[[13, 20], [12, 45], [20, 29], [6, 47], [24, 42], [21, 49], [18, 14], [17, 46], [19, 43], [3, 27], [22, 10], [10, 5], [15, 36], [7, 21], [5, 26], [11, 3], [4, 38], [14, 48], [2, 31], [16, 2], [1, 27], [8, 43], [0, 25], [23, 47], [9, 33]]"
App1,724.4,724.3999999999997,3.1689887384269137e-13,0.000916600227355957,"[[27, 29], [5, 20], [18, 27], [24, 43], [4, 14], [13, 46], [15, 5], [8, 49], [14, 36], [9, 3], [17, 48], [23, 21], [10, 2], [16, 42], [6, 26], [25, 42], [19, 49], [0, 4], [2, 26], [11, 29], [12, 21], [26, 33], [7, 25], [3, 20], [1, 14], [21, 15], [20, 15], [22, 36]]"
App2,909.4499999999998,909.45,1.401625468808783e-13,0.000684351921081543,"[[4, 22], [10, 20], [1, 10], [18, 29], [11, 26], [20, 49], [15, 43], [9, 46], [5, 21], [19, 5], [16, 36], [17, 3], [6, 14], [3, 26], [14, 42], [22, 42], [2, 2], [12, 48], [23, 27], [0, 27], [13, 42], [7, 4], [8, 15], [21, 25]]"
App3,863.9999999999998,864.0,9.910988736784642e-14,0.00069627046585083,"[[0, 29], [15, 20], [8, 42], [13, 43], [12, 14], [23, 49], [9, 27], [4, 38], [5, 46], [14, 10], [20, 5], [19, 36], [10, 3], [6, 21], [18, 31], [17, 20], [21, 31], [2, 2], [22, 48], [7, 45], [16, 27], [1, 45], [24, 21], [25, 29], [3, 15], [11, 48]]"
App4,214.7,214.69999999999996,4.1835623516930536e-14,0.0002753403451707628,"[[4, 29], [6, 43], [1, 48], [5, 2], [2, 29], [0, 3], [3, 4]]"
App5,826.2999999999998,826.314,0.022449944320634272,0.0007243800163269043,"[[7, 42], [5, 27], [0, 14], [25, 43], [3, 46], [21, 38], [24, 29], [11, 49], [13, 5], [17, 20], [22, 20], [2, 36], [19, 3], [9, 21], [12, 48], [1, 26], [6, 2], [8, 31], [18, 26], [20, 47], [10, 16], [16, 43], [23, 15], [15, 33], [4, 21], [14, 42]]"
App6,403.2999999999999,403.29999999999995,3.194324375209682e-14,0.0003125793055484169,"[[1, 32], [6, 29], [4, 49], [5, 42], [0, 43], [7, 46], [3, 36], [2, 36]]"
App7,663.2499999999999,663.25,6.949106199296313e-14,0.0006206559610890818,"[[10, 29], [0, 10], [13, 20], [11, 42], [6, 49], [12, 27], [15, 14], [7, 46], [1, 5], [8, 36], [17, 20], [3, 3], [5, 21], [4, 48], [2, 4], [16, 21], [14, 5], [9, 25]]"
App8,927.5499999999998,927.55,1.3923737144427707e-13,0.000591440200805664,"[[17, 20], [1, 45], [13, 29], [15, 26], [12, 10], [3, 42], [0, 49], [2, 27], [8, 43], [20, 38], [16, 14], [4, 39], [10, 36], [14, 3], [6, 39], [19, 38], [18, 48], [9, 48], [11, 4], [5, 27], [7, 29]]"
App9,978.15,978.1499999999997,3.6273050076360544e-13,0.000633695125579834,"[[7, 47], [6, 32], [0, 29], [4, 20], [5, 26], [2, 42], [10, 14], [19, 46], [1, 43], [8, 5], [12, 49], [15, 21], [13, 3], [14, 36], [17, 27], [3, 38], [11, 48], [20, 16], [16, 27], [9, 8], [21, 20], [18, 36], [22, 38]]"
App10,796.5499999999998,796.5500000000002,1.9259771700146093e-13,0.0006407451629638672,"[[16, 37], [11, 20], [0, 29], [22, 38], [3, 42], [19, 49], [9, 14], [6, 43], [5, 5], [8, 3], [21, 48], [2, 36], [15, 2], [4, 21], [10, 34], [7, 16], [17, 27], [14, 27], [13, 30], [20, 37], [18, 36], [12, 43], [1, 48]]"
App11,206.59999999999997,206.60000000000002,3.009498195210266e-14,0.00027087240508108425,"[[2, 42], [4, 46], [5, 5], [1, 48], [3, 3], [0, 2]]"
App12,579.2999999999998,579.3000000000002,1.8488488991017288e-13,0.0005816503574973659,"[[10, 26], [12, 20], [4, 14], [1, 43], [11, 42], [8, 27], [13, 5], [14, 21], [7, 3], [9, 36], [3, 46], [5, 2], [6, 27], [0, 42], [2, 33]]"
App13,777.9499999999998,777.9499999999997,3.3494233918318595e-13,0.0007021903991699218,"[[17, 20], [15, 29], [21, 45], [6, 47], [7, 10], [0, 27], [12, 14], [10, 43], [14, 46], [19, 42], [18, 5], [9, 47], [16, 48], [13, 2], [5, 42], [4, 4], [1, 16], [2, 29], [11, 15], [8, 48], [3, 25], [20, 43]]"
App14,1091.35,1091.3500000000006,5.588029001703266e-13,0.0006900739669799805,"[[0, 19], [12, 22], [9, 29], [17, 35], [10, 20], [28, 43], [6, 42], [20, 5], [8, 14], [25, 21], [16, 27], [21, 36], [19, 46], [27, 49], [7, 3], [23, 45], [2, 45], [15, 27], [18, 20], [26, 13], [24, 16], [13, 14], [11, 2], [1, 4], [22, 25], [4, 13], [14, 19], [5, 15], [3, 3]]"
App15,477.5999999999999,477.6,4.4030722917880405e-14,0.0004791545867919922,"[[12, 20], [13, 38], [3, 14], [7, 46], [6, 5], [14, 21], [4, 36], [10, 48], [11, 2], [1, 35], [8, 4], [0, 16], [2, 33], [5, 20], [9, 33]]"
App16,667.7499999999999,667.75,6.825615307516688e-14,0.0005268856536510379,"[[4, 26], [3, 47], [9, 29], [1, 20], [6, 23], [10, 43], [7, 46], [0, 14], [11, 42], [15, 36], [8, 3], [12, 23], [14, 20], [13, 29], [5, 25], [2, 36]]"
App17,1104.2499999999998,1104.25,1.6553053431563326e-13,0.0005970048904418945,"[[8, 22], [19, 26], [15, 10], [0, 29], [11, 38], [13, 20], [3, 42], [7, 27], [2, 14], [9, 43], [12, 47], [5, 47], [20, 5], [22, 46], [21, 36], [16, 21], [6, 3], [18, 37], [10, 45], [4, 48], [14, 20], [17, 29], [1, 27]]"
App18,553.2499999999999,553.25,5.5646581266305525e-14,0.0005241657296816508,"[[9, 31], [1, 38], [2, 29], [3, 42], [13, 43], [7, 14], [12, 3], [8, 36], [5, 21], [14, 48], [4, 2], [0, 5], [16, 5], [15, 16], [11, 29], [10, 36], [6, 14]]"
App19,398.65,398.65000000000015,1.3321026025737323e-13,0.00046069895634885693,"[[10, 29], [3, 43], [2, 14], [11, 46], [9, 21], [4, 36], [5, 3], [0, 5], [1, 42], [7, 2], [6, 29], [8, 36]]"
