Application,MinEnergy_W,MeanEnergy_W,StdEnergy_W,MeanTime_s,BestAllocations
services_app_01,56.519774999999996,56.51977499999998,1.769237144058697e-14,0.0008713865280151367,"[[5, 20], [6, 20], [17, 20], [13, 32], [18, 32], [14, 32], [11, 32], [24, 20], [7, 32], [22, 9], [1, 9], [21, 9], [4, 9], [19, 19], [8, 19], [9, 19], [0, 19], [2, 19], [10, 9], [16, 27], [20, 27], [23, 32], [15, 27], [12, 27], [3, 27]]"
services_app_02,52.678,52.67799999999999,1.1301874082354051e-14,0.0007553386688232422,"[[17, 42], [3, 42], [9, 42], [14, 20], [18, 20], [12, 20], [4, 29], [1, 29], [8, 29], [0, 29], [19, 20], [15, 29], [11, 13], [13, 13], [7, 42], [16, 13], [2, 13], [5, 13], [20, 20], [6, 42], [10, 14]]"
services_app_03,42.17625,42.17625000000001,6.275343527539581e-15,0.0007712554931640625,"[[7, 26], [0, 26], [1, 26], [13, 42], [5, 42], [2, 42], [15, 42], [4, 10], [17, 10], [10, 10], [11, 10], [3, 10], [18, 26], [19, 10], [12, 13], [14, 13], [6, 26], [9, 10], [16, 42], [8, 13]]"
services_app_04,46.0808,46.08079999999999,1.4210854715202004e-14,0.000784614086151123,"[[7, 10], [9, 10], [1, 10], [11, 42], [3, 42], [6, 42], [0, 24], [15, 24], [5, 24], [16, 24], [8, 42], [14, 24], [2, 22], [17, 10], [19, 22], [12, 42], [18, 22], [13, 22], [4, 10], [10, 22]]"
services_app_05,56.6121,56.61210000000001,1.1368683772161604e-14,0.000925142765045166,"[[19, 32], [4, 32], [6, 32], [15, 10], [3, 10], [12, 10], [2, 7], [22, 7], [10, 7], [0, 7], [8, 7], [18, 10], [23, 19], [1, 19], [7, 7], [21, 32], [20, 19], [14, 19], [5, 19], [11, 19], [13, 27], [9, 10], [16, 27], [17, 27]]"
services_app_06,65.7177,65.71770000000002,2.0495186137532014e-14,0.0009520554542541504,"[[14, 41], [7, 41], [11, 41], [6, 20], [1, 20], [2, 20], [23, 39], [13, 39], [22, 39], [17, 39], [19, 20], [10, 31], [20, 31], [18, 31], [8, 41], [3, 9], [4, 9], [12, 9], [24, 9], [16, 9], [0, 39], [15, 31], [5, 9], [9, 31], [21, 20]]"
services_app_07,72.790325,72.790325,1.014858018570358e-14,0.0009560632705688477,"[[16, 39], [9, 39], [12, 39], [14, 41], [11, 41], [13, 41], [0, 41], [22, 31], [19, 31], [18, 39], [17, 31], [10, 19], [15, 19], [3, 19], [6, 19], [1, 8], [20, 8], [8, 8], [21, 8], [23, 14], [2, 14], [5, 14], [4, 41], [24, 14], [7, 41]]"
services_app_08,51.315225,51.31522500000003,2.1006123772472283e-14,0.0008611011505126953,"[[12, 6], [9, 6], [11, 6], [1, 6], [4, 29], [3, 29], [10, 29], [21, 29], [0, 27], [2, 29], [8, 27], [18, 27], [15, 27], [16, 13], [7, 13], [5, 13], [17, 13], [19, 13], [14, 13], [13, 6], [6, 13], [20, 27]]"
services_app_09,62.70559999999999,62.70560000000001,1.0728960028346178e-14,0.0007651114463806153,"[[8, 24], [7, 24], [18, 24], [5, 26], [17, 26], [6, 26], [12, 26], [3, 9], [14, 9], [4, 9], [13, 13], [1, 24], [15, 13], [9, 13], [11, 13], [0, 8], [19, 8], [10, 8], [16, 8], [2, 8]]"
services_app_10,71.46549999999999,71.46550000000002,1.6202867315927535e-14,0.0008725166320800781,"[[20, 10], [6, 10], [11, 10], [8, 24], [13, 24], [7, 24], [16, 38], [17, 38], [1, 38], [2, 38], [15, 24], [3, 27], [19, 27], [22, 27], [14, 22], [4, 22], [0, 22], [21, 38], [24, 10], [9, 22], [10, 27], [5, 45], [23, 45], [12, 45], [18, 45]]"
services_app_11,61.65625,61.65625,0.0,0.0008702921867370605,"[[6, 32], [11, 32], [20, 32], [2, 6], [4, 6], [16, 6], [17, 6], [18, 13], [10, 13], [9, 13], [3, 47], [7, 32], [5, 47], [13, 47], [0, 47], [15, 13], [8, 11], [1, 11], [19, 11], [12, 11], [14, 6]]"
services_app_12,67.428675,67.428675,1.1457157353758234e-14,0.0018465518951416016,"[[15, 6], [22, 6], [4, 6], [13, 20], [16, 20], [18, 20], [5, 41], [20, 41], [8, 41], [21, 38], [14, 38], [3, 38], [2, 38], [7, 41], [19, 20], [17, 22], [1, 22], [9, 6], [6, 22], [23, 22], [12, 22], [11, 47], [0, 41], [10, 20]]"
services_app_13,47.06557500000001,47.065574999999995,1.4210854715202004e-14,0.0007594728469848633,"[[9, 38], [3, 38], [10, 38], [1, 10], [4, 10], [16, 10], [17, 10], [0, 29], [8, 29], [14, 29], [7, 29], [19, 29], [11, 38], [20, 19], [6, 29], [2, 19], [13, 19], [12, 19], [18, 19], [15, 10], [5, 38]]"
services_app_14,51.450525,51.450525,3.3327408458372288e-15,0.0008217620849609375,"[[21, 41], [16, 41], [5, 41], [18, 24], [1, 24], [4, 24], [15, 24], [22, 42], [6, 42], [3, 42], [17, 42], [0, 42], [9, 41], [20, 42], [10, 19], [2, 19], [11, 19], [19, 19], [14, 19], [8, 19], [12, 47], [13, 47], [7, 41]]"
services_app_15,60.460024999999995,60.460024999999995,6.778145699236018e-15,0.0007283592224121094,"[[11, 7], [3, 7], [5, 7], [0, 24], [16, 24], [2, 24], [9, 24], [12, 7], [14, 11], [4, 11], [7, 11], [15, 31], [1, 31], [18, 31], [13, 31], [8, 45], [19, 45], [10, 24], [6, 45], [17, 7]]"
services_app_16,60.084875,60.08487499999998,1.797546735911271e-14,0.0008859801292419434,"[[17, 41], [11, 41], [14, 41], [21, 7], [18, 7], [13, 7], [9, 7], [5, 14], [1, 14], [15, 14], [16, 41], [23, 22], [20, 22], [10, 22], [0, 22], [3, 7], [7, 22], [19, 14], [4, 9], [22, 9], [8, 9], [12, 9], [6, 7], [2, 41]]"
services_app_17,61.11585,61.115850000000016,1.4210854715202004e-14,0.0008242893218994141,"[[3, 24], [11, 24], [7, 24], [8, 7], [22, 7], [5, 7], [4, 7], [15, 20], [2, 20], [9, 20], [18, 20], [19, 20], [6, 22], [13, 22], [10, 22], [12, 14], [17, 24], [14, 14], [20, 14], [1, 14], [0, 7], [21, 14], [16, 14]]"
services_app_18,59.342549999999996,59.34255000000001,1.3667562414576186e-14,0.0008222794532775879,"[[7, 42], [14, 42], [13, 42], [12, 42], [16, 26], [8, 26], [9, 26], [20, 26], [17, 26], [3, 11], [6, 11], [2, 11], [0, 19], [22, 19], [5, 19], [18, 19], [21, 11], [1, 19], [19, 9], [15, 9], [11, 9], [4, 42], [10, 9]]"
services_app_19,43.126175,43.12617500000001,7.105427357601002e-15,0.0007593345642089844,"[[10, 20], [14, 20], [12, 20], [1, 10], [4, 10], [2, 10], [15, 10], [17, 26], [3, 26], [8, 26], [5, 26], [11, 26], [16, 26], [20, 20], [13, 26], [19, 20], [9, 14], [0, 14], [6, 14], [18, 14], [7, 26]]"
